Packet No,Time,Source IP,Destination IP,Protocol,Source Port,Destination Port,Packet Length
1,2026-07-03 02:22:33,10.0.2.15,10.197.61.3,UDP,49873,53,70
2,2026-07-03 02:22:33,10.0.2.15,10.197.61.3,UDP,49873,53,70
3,2026-07-03 02:22:33,10.197.61.3,10.0.2.15,UDP,53,49873,86
4,2026-07-03 02:22:33,10.197.61.3,10.0.2.15,UDP,53,49873,98
5,2026-07-03 02:22:33,10.0.2.15,142.251.37.142,ICMP,_,_,98
6,2026-07-03 02:22:33,142.251.37.142,10.0.2.15,ICMP,_,_,98
7,2026-07-03 02:22:33,10.0.2.15,10.197.61.3,UDP,37697,53,87
8,2026-07-03 02:22:33,10.197.61.3,10.0.2.15,UDP,53,37697,127
9,2026-07-03 02:22:34,10.0.2.15,142.251.37.142,ICMP,_,_,98
10,2026-07-03 02:22:34,142.251.37.142,10.0.2.15,ICMP,_,_,98
11,2026-07-03 02:22:35,10.0.2.15,142.251.37.142,ICMP,_,_,98
12,2026-07-03 02:22:35,142.251.37.142,10.0.2.15,ICMP,_,_,98
13,2026-07-03 02:22:36,10.0.2.15,142.251.37.142,ICMP,_,_,98
14,2026-07-03 02:22:36,142.251.37.142,10.0.2.15,ICMP,_,_,98
15,2026-07-03 02:22:37,10.0.2.15,142.251.37.142,ICMP,_,_,98
16,2026-07-03 02:22:37,142.251.37.142,10.0.2.15,ICMP,_,_,98
1,2026-07-04 00:31:51,10.0.2.15,10.197.61.3,UDP,38178,53,70
2,2026-07-04 00:31:51,10.0.2.15,10.197.61.3,UDP,38178,53,70
3,2026-07-04 00:31:51,10.197.61.3,10.0.2.15,UDP,53,38178,86
4,2026-07-04 00:31:51,10.197.61.3,10.0.2.15,UDP,53,38178,98
5,2026-07-04 00:31:51,10.0.2.15,142.250.200.174,ICMP,_,_,98
6,2026-07-04 00:31:51,142.250.200.174,10.0.2.15,ICMP,_,_,98
7,2026-07-04 00:31:51,10.0.2.15,10.197.61.3,UDP,55057,53,88
8,2026-07-04 00:31:51,10.197.61.3,10.0.2.15,UDP,53,55057,128
9,2026-07-04 00:31:52,10.0.2.15,142.250.200.174,ICMP,_,_,98
10,2026-07-04 00:31:52,142.250.200.174,10.0.2.15,ICMP,_,_,98
11,2026-07-04 00:31:53,10.0.2.15,142.250.200.174,ICMP,_,_,98
12,2026-07-04 00:31:53,142.250.200.174,10.0.2.15,ICMP,_,_,98
13,2026-07-04 00:31:54,10.0.2.15,142.250.200.174,ICMP,_,_,98
14,2026-07-04 00:31:54,142.250.200.174,10.0.2.15,ICMP,_,_,98
15,2026-07-04 00:31:55,10.0.2.15,142.250.200.174,ICMP,_,_,98
16,2026-07-04 00:31:55,142.250.200.174,10.0.2.15,ICMP,_,_,98
17,2026-07-04 00:31:56,10.0.2.15,142.250.200.174,ICMP,_,_,98
18,2026-07-04 00:31:56,142.250.200.174,10.0.2.15,ICMP,_,_,98
19,2026-07-04 00:31:57,10.0.2.15,142.250.200.174,ICMP,_,_,98
20,2026-07-04 00:31:57,142.250.200.174,10.0.2.15,ICMP,_,_,98
21,2026-07-04 00:31:58,10.0.2.15,142.250.200.174,ICMP,_,_,98
22,2026-07-04 00:31:58,142.250.200.174,10.0.2.15,ICMP,_,_,98
23,2026-07-04 00:31:59,10.0.2.15,142.250.200.174,ICMP,_,_,98
24,2026-07-04 00:31:59,142.250.200.174,10.0.2.15,ICMP,_,_,98
25,2026-07-04 00:32:00,10.0.2.15,142.250.200.174,ICMP,_,_,98
26,2026-07-04 00:32:00,142.250.200.174,10.0.2.15,ICMP,_,_,98
27,2026-07-04 00:32:01,10.0.2.15,142.250.200.174,ICMP,_,_,98
28,2026-07-04 00:32:01,142.250.200.174,10.0.2.15,ICMP,_,_,98
29,2026-07-04 00:32:02,10.0.2.15,142.250.200.174,ICMP,_,_,98
30,2026-07-04 00:32:02,142.250.200.174,10.0.2.15,ICMP,_,_,98
1,2026-07-04 00:41:26,10.0.2.15,10.197.61.3,UDP,42093,53,70
2,2026-07-04 00:41:26,10.0.2.15,10.197.61.3,UDP,42093,53,70
3,2026-07-04 00:41:26,10.197.61.3,10.0.2.15,UDP,53,42093,86
4,2026-07-04 00:41:26,10.197.61.3,10.0.2.15,UDP,53,42093,98
5,2026-07-04 00:41:26,10.0.2.15,142.250.200.174,ICMP,_,_,98
6,2026-07-04 00:41:26,142.250.200.174,10.0.2.15,ICMP,_,_,98
7,2026-07-04 00:41:26,10.0.2.15,10.197.61.3,UDP,60333,53,88
8,2026-07-04 00:41:26,10.197.61.3,10.0.2.15,UDP,53,60333,128
9,2026-07-04 00:41:27,10.0.2.15,142.250.200.174,ICMP,_,_,98
10,2026-07-04 00:41:27,142.250.200.174,10.0.2.15,ICMP,_,_,98
11,2026-07-04 00:41:28,10.0.2.15,142.250.200.174,ICMP,_,_,98
12,2026-07-04 00:41:28,142.250.200.174,10.0.2.15,ICMP,_,_,98
13,2026-07-04 00:41:29,10.0.2.15,142.250.200.174,ICMP,_,_,98
14,2026-07-04 00:41:29,142.250.200.174,10.0.2.15,ICMP,_,_,98
15,2026-07-04 00:41:30,10.0.2.15,142.250.200.174,ICMP,_,_,98
16,2026-07-04 00:41:30,142.250.200.174,10.0.2.15,ICMP,_,_,98
17,2026-07-04 00:41:31,10.0.2.15,142.250.200.174,ICMP,_,_,98
18,2026-07-04 00:41:31,142.250.200.174,10.0.2.15,ICMP,_,_,98
19,2026-07-04 00:41:32,10.0.2.15,142.250.200.174,ICMP,_,_,98
20,2026-07-04 00:41:32,142.250.200.174,10.0.2.15,ICMP,_,_,98
21,2026-07-04 00:41:33,10.0.2.15,142.250.200.174,ICMP,_,_,98
22,2026-07-04 00:41:33,142.250.200.174,10.0.2.15,ICMP,_,_,98
23,2026-07-04 00:41:34,10.0.2.15,142.250.200.174,ICMP,_,_,98
24,2026-07-04 00:41:34,142.250.200.174,10.0.2.15,ICMP,_,_,98
2026-07-04 01:09:08,10.0.2.15,10.197.61.3,UDP
2026-07-04 01:09:08,10.0.2.15,10.197.61.3,UDP
2026-07-04 01:09:08,10.197.61.3,10.0.2.15,UDP
2026-07-04 01:09:08,10.197.61.3,10.0.2.15,UDP
2026-07-04 01:09:08,10.0.2.15,142.250.200.174,ICMP
2026-07-04 01:09:08,142.250.200.174,10.0.2.15,ICMP
2026-07-04 01:09:08,10.0.2.15,10.197.61.3,UDP
2026-07-04 01:09:08,10.197.61.3,10.0.2.15,UDP
2026-07-04 01:09:09,10.0.2.15,142.250.200.174,ICMP
2026-07-04 01:09:09,142.250.200.174,10.0.2.15,ICMP
2026-07-04 01:09:10,10.0.2.15,142.250.200.174,ICMP
2026-07-04 01:09:10,142.250.200.174,10.0.2.15,ICMP
2026-07-04 01:09:11,10.0.2.15,142.250.200.174,ICMP
2026-07-04 01:09:11,142.250.200.174,10.0.2.15,ICMP
2026-07-04 01:09:12,10.0.2.15,142.250.200.174,ICMP
2026-07-04 01:09:12,142.250.200.174,10.0.2.15,ICMP
2026-07-04 01:09:13,10.0.2.15,142.250.200.174,ICMP
2026-07-04 01:09:13,142.250.200.174,10.0.2.15,ICMP
2026-07-04 01:09:14,10.0.2.15,142.250.200.174,ICMP
2026-07-04 01:09:14,142.250.200.174,10.0.2.15,ICMP
2026-07-04 01:09:15,10.0.2.15,142.250.200.174,ICMP
2026-07-04 01:09:15,142.250.200.174,10.0.2.15,ICMP
2026-07-04 01:22:29,10.0.2.15,10.197.61.3,UDP
2026-07-04 01:22:29,10.0.2.15,10.197.61.3,UDP
2026-07-04 01:22:29,10.197.61.3,10.0.2.15,UDP
2026-07-04 01:22:29,10.197.61.3,10.0.2.15,UDP
2026-07-04 01:22:29,10.0.2.15,142.250.200.174,ICMP
2026-07-04 01:22:29,142.250.200.174,10.0.2.15,ICMP
2026-07-04 01:22:29,10.0.2.15,10.197.61.3,UDP
2026-07-04 01:22:29,10.197.61.3,10.0.2.15,UDP
2026-07-04 01:22:30,10.0.2.15,142.250.200.174,ICMP
2026-07-04 01:22:30,142.250.200.174,10.0.2.15,ICMP
2026-07-04 01:22:31,10.0.2.15,142.250.200.174,ICMP
2026-07-04 01:22:31,142.250.200.174,10.0.2.15,ICMP
2026-07-04 01:22:32,10.0.2.15,142.250.200.174,ICMP
2026-07-04 01:22:32,142.250.200.174,10.0.2.15,ICMP
2026-07-04 01:22:33,10.0.2.15,142.250.200.174,ICMP
2026-07-04 01:22:33,142.250.200.174,10.0.2.15,ICMP
2026-07-04 01:22:34,10.0.2.15,142.250.200.174,ICMP
2026-07-04 01:22:34,142.250.200.174,10.0.2.15,ICMP
2026-07-04 01:22:35,10.0.2.15,142.250.200.174,ICMP
2026-07-04 01:22:35,142.250.200.174,10.0.2.15,ICMP
2026-07-04 01:22:36,10.0.2.15,142.250.200.174,ICMP
2026-07-04 01:22:36,142.250.200.174,10.0.2.15,ICMP
2026-07-04 01:22:37,10.0.2.15,142.250.200.174,ICMP
2026-07-04 01:22:37,142.250.200.174,10.0.2.15,ICMP
2026-07-04 01:22:38,10.0.2.15,142.250.200.174,ICMP
2026-07-04 01:22:38,142.250.200.174,10.0.2.15,ICMP
2026-07-04 01:22:39,10.0.2.15,142.250.200.174,ICMP
2026-07-04 01:22:39,142.250.200.174,10.0.2.15,ICMP
2026-07-04 01:22:40,10.0.2.15,142.250.200.174,ICMP
2026-07-04 01:22:40,142.250.200.174,10.0.2.15,ICMP
2026-07-04 01:22:41,10.0.2.15,142.250.200.174,ICMP
2026-07-04 01:22:41,142.250.200.174,10.0.2.15,ICMP
2026-07-04 01:22:42,10.0.2.15,142.250.200.174,ICMP
2026-07-04 01:22:42,142.250.200.174,10.0.2.15,ICMP
2026-07-04 01:22:43,10.0.2.15,142.250.200.174,ICMP
2026-07-04 01:22:43,142.250.200.174,10.0.2.15,ICMP
2026-07-04 01:22:44,10.0.2.15,142.250.200.174,ICMP
2026-07-04 01:22:44,142.250.200.174,10.0.2.15,ICMP
2026-07-04 01:22:45,10.0.2.15,142.250.200.174,ICMP
2026-07-04 01:22:45,142.250.200.174,10.0.2.15,ICMP
2026-07-04 01:22:46,10.0.2.15,142.250.200.174,ICMP
2026-07-04 01:22:46,142.250.200.174,10.0.2.15,ICMP
2026-07-04 01:22:47,10.0.2.15,142.250.200.174,ICMP
2026-07-04 01:22:47,142.250.200.174,10.0.2.15,ICMP
2026-07-04 01:22:48,10.0.2.15,142.250.200.174,ICMP
2026-07-04 01:22:48,142.250.200.174,10.0.2.15,ICMP
2026-07-04 01:22:49,10.0.2.15,142.250.200.174,ICMP
2026-07-04 01:22:49,142.250.200.174,10.0.2.15,ICMP
2026-07-04 01:22:50,10.0.2.15,142.250.200.174,ICMP
2026-07-04 01:22:50,142.250.200.174,10.0.2.15,ICMP
2026-07-04 01:22:51,10.0.2.15,142.250.200.174,ICMP
2026-07-04 01:22:51,142.250.200.174,10.0.2.15,ICMP
2026-07-04 01:22:52,10.0.2.15,142.250.200.174,ICMP
2026-07-04 01:22:52,142.250.200.174,10.0.2.15,ICMP
2026-07-04 01:22:53,10.0.2.15,142.250.200.174,ICMP
2026-07-04 01:22:53,142.250.200.174,10.0.2.15,ICMP
2026-07-04 01:22:54,10.0.2.15,142.250.200.174,ICMP
2026-07-04 01:22:54,142.250.200.174,10.0.2.15,ICMP
2026-07-04 01:22:55,10.0.2.15,142.250.200.174,ICMP
2026-07-04 01:22:55,142.250.200.174,10.0.2.15,ICMP
2026-07-04 01:22:56,10.0.2.15,142.250.200.174,ICMP
2026-07-04 01:22:56,142.250.200.174,10.0.2.15,ICMP
2026-07-04 01:22:57,10.0.2.15,142.250.200.174,ICMP
2026-07-04 01:22:57,142.250.200.174,10.0.2.15,ICMP
2026-07-04 01:22:58,10.0.2.15,142.250.200.174,ICMP
2026-07-04 01:22:58,142.250.200.174,10.0.2.15,ICMP
2026-07-04 01:22:59,10.0.2.15,142.250.200.174,ICMP
2026-07-04 01:22:59,142.250.200.174,10.0.2.15,ICMP
2026-07-04 01:23:00,10.0.2.15,142.250.200.174,ICMP
2026-07-04 01:23:00,142.250.200.174,10.0.2.15,ICMP
2026-07-04 01:23:01,10.0.2.15,142.250.200.174,ICMP
2026-07-04 01:23:01,142.250.200.174,10.0.2.15,ICMP
2026-07-04 01:23:02,10.0.2.15,142.250.200.174,ICMP
2026-07-04 01:23:02,142.250.200.174,10.0.2.15,ICMP
2026-07-04 01:25:07,10.0.2.15,10.197.61.3,UDP
2026-07-04 01:25:07,10.0.2.15,10.197.61.3,UDP
2026-07-04 01:25:07,10.197.61.3,10.0.2.15,UDP
2026-07-04 01:25:07,10.197.61.3,10.0.2.15,UDP
2026-07-04 01:25:07,10.0.2.15,142.250.201.238,ICMP
2026-07-04 01:25:07,142.250.201.238,10.0.2.15,ICMP
2026-07-04 01:25:07,10.0.2.15,10.197.61.3,UDP
2026-07-04 01:25:07,10.197.61.3,10.0.2.15,UDP
2026-07-04 01:25:08,10.0.2.15,142.250.201.238,ICMP
2026-07-04 01:25:08,142.250.201.238,10.0.2.15,ICMP
2026-07-04 01:25:09,10.0.2.15,142.250.201.238,ICMP
2026-07-04 01:25:09,142.250.201.238,10.0.2.15,ICMP
2026-07-04 01:25:10,10.0.2.15,142.250.201.238,ICMP
2026-07-04 01:25:10,142.250.201.238,10.0.2.15,ICMP
2026-07-04 01:25:11,10.0.2.15,142.250.201.238,ICMP
2026-07-04 01:25:11,142.250.201.238,10.0.2.15,ICMP
2026-07-04 01:25:11,10.0.2.15,103.152.101.59,UDP
2026-07-04 01:25:11,103.152.101.59,10.0.2.15,UDP
2026-07-04 01:25:12,10.0.2.15,142.250.201.238,ICMP
2026-07-04 01:25:12,142.250.201.238,10.0.2.15,ICMP
2026-07-04 01:25:13,10.0.2.15,142.250.201.238,ICMP
2026-07-04 01:25:13,142.250.201.238,10.0.2.15,ICMP
2026-07-04 01:25:14,10.0.2.15,142.250.201.238,ICMP
2026-07-04 01:25:14,142.250.201.238,10.0.2.15,ICMP
2026-07-04 01:25:15,10.0.2.15,142.250.201.238,ICMP
2026-07-04 01:25:15,142.250.201.238,10.0.2.15,ICMP
2026-07-04 01:25:16,10.0.2.15,142.250.201.238,ICMP
2026-07-04 01:25:16,142.250.201.238,10.0.2.15,ICMP
2026-07-04 01:25:17,10.0.2.15,142.250.201.238,ICMP
2026-07-04 01:25:17,142.250.201.238,10.0.2.15,ICMP
2026-07-04 01:25:18,10.0.2.15,142.250.201.238,ICMP
2026-07-04 01:25:18,142.250.201.238,10.0.2.15,ICMP
2026-07-04 01:44:06,10.0.2.15,142.250.201.238,ICMP
2026-07-04 01:44:06,142.250.201.238,10.0.2.15,ICMP
2026-07-04 01:44:07,10.0.2.15,142.250.201.238,ICMP
2026-07-04 01:44:07,142.250.201.238,10.0.2.15,ICMP
2026-07-04 01:44:08,10.0.2.15,142.250.201.238,ICMP
2026-07-04 01:44:08,142.250.201.238,10.0.2.15,ICMP
2026-07-04 02:02:14,10.0.2.15,10.197.61.3,UDP
2026-07-04 02:02:14,10.0.2.15,10.197.61.3,UDP
2026-07-04 02:02:14,10.197.61.3,10.0.2.15,UDP
2026-07-04 02:02:14,10.197.61.3,10.0.2.15,UDP
2026-07-04 02:02:14,10.0.2.15,142.250.201.238,ICMP
2026-07-04 02:02:14,142.250.201.238,10.0.2.15,ICMP
2026-07-04 02:02:14,10.0.2.15,10.197.61.3,UDP
2026-07-04 02:02:14,10.197.61.3,10.0.2.15,UDP
2026-07-04 02:02:15,10.0.2.15,142.250.201.238,ICMP
2026-07-04 02:02:15,142.250.201.238,10.0.2.15,ICMP
2026-07-04 02:02:16,10.0.2.15,142.250.201.238,ICMP
2026-07-04 02:02:16,142.250.201.238,10.0.2.15,ICMP
2026-07-04 02:02:17,10.0.2.15,142.250.201.238,ICMP
2026-07-04 02:02:17,142.250.201.238,10.0.2.15,ICMP
2026-07-04 02:02:18,10.0.2.15,142.250.201.238,ICMP
2026-07-04 02:02:18,142.250.201.238,10.0.2.15,ICMP
2026-07-04 02:02:19,10.0.2.15,142.250.201.238,ICMP
2026-07-04 02:02:19,142.250.201.238,10.0.2.15,ICMP
2026-07-04 02:02:20,10.0.2.15,142.250.201.238,ICMP
2026-07-04 02:02:20,142.250.201.238,10.0.2.15,ICMP
2026-07-04 02:02:21,10.0.2.15,142.250.201.238,ICMP
2026-07-04 02:02:21,142.250.201.238,10.0.2.15,ICMP
2026-07-04 02:02:22,10.0.2.15,142.250.201.238,ICMP
2026-07-04 02:02:22,142.250.201.238,10.0.2.15,ICMP
2026-07-04 02:02:23,10.0.2.15,142.250.201.238,ICMP
2026-07-04 02:02:23,142.250.201.238,10.0.2.15,ICMP
2026-07-04 02:02:24,10.0.2.15,142.250.201.238,ICMP
2026-07-04 02:02:24,142.250.201.238,10.0.2.15,ICMP
2026-07-04 02:02:25,10.0.2.15,142.250.201.238,ICMP
2026-07-04 02:02:25,142.250.201.238,10.0.2.15,ICMP
2026-07-04 02:02:26,10.0.2.15,142.250.201.238,ICMP
2026-07-04 02:02:26,142.250.201.238,10.0.2.15,ICMP
2026-07-04 02:02:27,10.0.2.15,142.250.201.238,ICMP
2026-07-04 02:02:27,142.250.201.238,10.0.2.15,ICMP
2026-07-04 02:02:28,10.0.2.15,142.250.201.238,ICMP
2026-07-04 02:02:28,142.250.201.238,10.0.2.15,ICMP
2026-07-04 02:13:14,10.0.2.15,10.197.61.3,UDP
2026-07-04 02:13:14,10.0.2.15,10.197.61.3,UDP
2026-07-04 02:13:14,10.197.61.3,10.0.2.15,UDP
2026-07-04 02:13:14,10.197.61.3,10.0.2.15,UDP
2026-07-04 02:13:14,10.0.2.15,142.250.200.174,ICMP
2026-07-04 02:13:14,142.250.200.174,10.0.2.15,ICMP
2026-07-04 02:13:14,10.0.2.15,10.197.61.3,UDP
2026-07-04 02:13:14,10.197.61.3,10.0.2.15,UDP
2026-07-04 02:13:15,10.0.2.15,142.250.200.174,ICMP
2026-07-04 02:13:15,142.250.200.174,10.0.2.15,ICMP
2026-07-04 02:13:16,10.0.2.15,142.250.200.174,ICMP
2026-07-04 02:13:16,142.250.200.174,10.0.2.15,ICMP
2026-07-04 02:13:17,10.0.2.15,142.250.200.174,ICMP
2026-07-04 02:13:17,142.250.200.174,10.0.2.15,ICMP
2026-07-04 02:13:18,10.0.2.15,142.250.200.174,ICMP
2026-07-04 02:13:18,142.250.200.174,10.0.2.15,ICMP
2026-07-04 02:13:19,10.0.2.15,142.250.200.174,ICMP
2026-07-04 02:13:19,142.250.200.174,10.0.2.15,ICMP
2026-07-04 02:13:20,10.0.2.15,142.250.200.174,ICMP
2026-07-04 02:13:20,142.250.200.174,10.0.2.15,ICMP
2026-07-04 02:13:21,10.0.2.15,142.250.200.174,ICMP
2026-07-04 02:13:21,142.250.200.174,10.0.2.15,ICMP
2026-07-04 02:13:22,10.0.2.15,142.250.200.174,ICMP
2026-07-04 02:13:22,142.250.200.174,10.0.2.15,ICMP
2026-07-04 02:13:23,10.0.2.15,142.250.200.174,ICMP
2026-07-04 02:13:23,142.250.200.174,10.0.2.15,ICMP
2026-07-04 02:13:24,10.0.2.15,142.250.200.174,ICMP
2026-07-04 02:13:24,142.250.200.174,10.0.2.15,ICMP
2026-07-04 02:13:25,10.0.2.15,142.250.200.174,ICMP
2026-07-04 02:13:25,142.250.200.174,10.0.2.15,ICMP
2026-07-04 02:13:26,10.0.2.15,142.250.200.174,ICMP
2026-07-04 02:13:26,142.250.200.174,10.0.2.15,ICMP
2026-07-04 02:13:27,10.0.2.15,142.250.200.174,ICMP
2026-07-04 02:13:27,142.250.200.174,10.0.2.15,ICMP
2026-07-04 02:13:28,10.0.2.15,142.250.200.174,ICMP
2026-07-04 02:13:28,142.250.200.174,10.0.2.15,ICMP
2026-07-04 02:13:29,10.0.2.15,142.250.200.174,ICMP
2026-07-04 02:13:29,142.250.200.174,10.0.2.15,ICMP
2026-07-04 02:13:30,10.0.2.15,142.250.200.174,ICMP
2026-07-04 02:13:30,142.250.200.174,10.0.2.15,ICMP
2026-07-04 02:13:31,10.0.2.15,142.250.200.174,ICMP
2026-07-04 02:13:31,142.250.200.174,10.0.2.15,ICMP
2026-07-04 02:13:32,10.0.2.15,142.250.200.174,ICMP
2026-07-04 02:13:32,142.250.200.174,10.0.2.15,ICMP
2026-07-04 02:13:33,10.0.2.15,142.250.200.174,ICMP
2026-07-04 02:13:33,142.250.200.174,10.0.2.15,ICMP
2026-07-04 02:13:34,10.0.2.15,142.250.200.174,ICMP
2026-07-04 02:13:34,142.250.200.174,10.0.2.15,ICMP
2026-07-04 02:13:35,10.0.2.15,142.250.200.174,ICMP
2026-07-04 02:13:35,142.250.200.174,10.0.2.15,ICMP
2026-07-04 02:13:36,10.0.2.15,142.250.200.174,ICMP
2026-07-04 02:13:36,142.250.200.174,10.0.2.15,ICMP
2026-07-04 02:13:37,10.0.2.15,142.250.200.174,ICMP
2026-07-04 02:13:38,10.0.2.15,142.250.200.174,ICMP
2026-07-04 02:13:39,142.250.200.174,10.0.2.15,ICMP
2026-07-04 02:13:39,10.0.2.15,142.250.200.174,ICMP
2026-07-04 02:13:40,142.250.200.174,10.0.2.15,ICMP
2026-07-04 02:13:40,10.0.2.15,142.250.200.174,ICMP
2026-07-04 02:13:41,142.250.200.174,10.0.2.15,ICMP
2026-07-04 02:13:41,10.0.2.15,142.250.200.174,ICMP
2026-07-04 02:13:42,142.250.200.174,10.0.2.15,ICMP
2026-07-04 02:13:42,10.0.2.15,142.250.200.174,ICMP
2026-07-04 02:13:43,142.250.200.174,10.0.2.15,ICMP
2026-07-04 02:13:43,10.0.2.15,142.250.200.174,ICMP
2026-07-04 02:13:44,142.250.200.174,10.0.2.15,ICMP
2026-07-04 02:13:44,10.0.2.15,142.250.200.174,ICMP
2026-07-04 02:13:45,142.250.200.174,10.0.2.15,ICMP
2026-07-04 02:13:45,10.0.2.15,142.250.200.174,ICMP
2026-07-04 02:13:46,142.250.200.174,10.0.2.15,ICMP
2026-07-04 02:13:46,10.0.2.15,142.250.200.174,ICMP
2026-07-04 02:13:47,142.250.200.174,10.0.2.15,ICMP
2026-07-04 02:13:47,10.0.2.15,142.250.200.174,ICMP
2026-07-04 02:13:48,142.250.200.174,10.0.2.15,ICMP
2026-07-04 02:13:48,10.0.2.15,142.250.200.174,ICMP
2026-07-04 02:13:49,142.250.200.174,10.0.2.15,ICMP
2026-07-04 02:13:49,10.0.2.15,142.250.200.174,ICMP
2026-07-04 02:13:50,142.250.200.174,10.0.2.15,ICMP
2026-07-04 02:13:50,10.0.2.15,142.250.200.174,ICMP
2026-07-04 02:13:51,142.250.200.174,10.0.2.15,ICMP
2026-07-04 02:13:51,10.0.2.15,142.250.200.174,ICMP
2026-07-04 02:13:52,142.250.200.174,10.0.2.15,ICMP
2026-07-04 02:13:53,10.0.2.15,142.250.200.174,ICMP
2026-07-04 02:13:53,142.250.200.174,10.0.2.15,ICMP
2026-07-04 02:13:54,10.0.2.15,142.250.200.174,ICMP
2026-07-04 02:13:54,142.250.200.174,10.0.2.15,ICMP
2026-07-04 02:13:55,10.0.2.15,142.250.200.174,ICMP
2026-07-04 02:13:55,142.250.200.174,10.0.2.15,ICMP
2026-07-04 02:13:56,10.0.2.15,142.250.200.174,ICMP
2026-07-04 02:13:56,142.250.200.174,10.0.2.15,ICMP
2026-07-04 02:13:57,10.0.2.15,142.250.200.174,ICMP
2026-07-04 02:13:57,142.250.200.174,10.0.2.15,ICMP
2026-07-04 02:13:58,10.0.2.15,142.250.200.174,ICMP
2026-07-04 02:13:58,142.250.200.174,10.0.2.15,ICMP
2026-07-04 02:13:59,10.0.2.15,142.250.200.174,ICMP
2026-07-04 02:13:59,142.250.200.174,10.0.2.15,ICMP
2026-07-04 02:14:00,10.0.2.15,142.250.200.174,ICMP
2026-07-04 02:14:00,142.250.200.174,10.0.2.15,ICMP
2026-07-04 02:14:01,10.0.2.15,142.250.200.174,ICMP
2026-07-04 02:14:01,142.250.200.174,10.0.2.15,ICMP
2026-07-04 02:14:02,10.0.2.15,142.250.200.174,ICMP
2026-07-04 02:14:02,142.250.200.174,10.0.2.15,ICMP
2026-07-04 02:14:03,10.0.2.15,142.250.200.174,ICMP
2026-07-04 02:14:03,142.250.200.174,10.0.2.15,ICMP
2026-07-04 02:14:04,10.0.2.15,142.250.200.174,ICMP
2026-07-04 02:14:04,142.250.200.174,10.0.2.15,ICMP
2026-07-04 02:14:05,10.0.2.15,142.250.200.174,ICMP
2026-07-04 02:14:05,142.250.200.174,10.0.2.15,ICMP
2026-07-04 02:14:06,10.0.2.15,142.250.200.174,ICMP
2026-07-04 02:14:06,142.250.200.174,10.0.2.15,ICMP
2026-07-04 02:14:07,10.0.2.15,142.250.200.174,ICMP
2026-07-04 02:14:07,142.250.200.174,10.0.2.15,ICMP
2026-07-04 02:14:08,10.0.2.15,142.250.200.174,ICMP
2026-07-04 02:14:08,142.250.200.174,10.0.2.15,ICMP
2026-07-04 02:21:49,10.0.2.15,10.197.61.3,UDP
2026-07-04 02:21:49,10.0.2.15,10.197.61.3,UDP
2026-07-04 02:21:49,10.197.61.3,10.0.2.15,UDP
2026-07-04 02:21:49,10.197.61.3,10.0.2.15,UDP
2026-07-04 02:21:49,10.0.2.15,142.250.200.174,ICMP
2026-07-04 02:21:49,142.250.200.174,10.0.2.15,ICMP
2026-07-04 02:21:49,10.0.2.15,10.197.61.3,UDP
2026-07-04 02:21:49,10.197.61.3,10.0.2.15,UDP
2026-07-04 02:21:50,10.0.2.15,142.250.200.174,ICMP
2026-07-04 02:21:50,142.250.200.174,10.0.2.15,ICMP
2026-07-04 02:21:51,10.0.2.15,142.250.200.174,ICMP
2026-07-04 02:21:51,142.250.200.174,10.0.2.15,ICMP
2026-07-04 02:21:51,10.0.2.15,10.197.61.3,UDP
2026-07-04 02:21:51,10.0.2.15,10.197.61.3,UDP
2026-07-04 02:21:51,10.197.61.3,10.0.2.15,UDP
2026-07-04 02:21:51,10.197.61.3,10.0.2.15,UDP
2026-07-04 02:21:51,10.0.2.15,104.18.32.47,TCP
2026-07-04 02:21:51,10.0.2.15,104.18.32.47,TCP
2026-07-04 02:21:51,104.18.32.47,10.0.2.15,TCP
2026-07-04 02:21:51,104.18.32.47,10.0.2.15,TCP
2026-07-04 02:21:51,104.18.32.47,10.0.2.15,TCP
2026-07-04 02:21:51,104.18.32.47,10.0.2.15,TCP
2026-07-04 02:21:51,104.18.32.47,10.0.2.15,TCP
2026-07-04 02:21:51,104.18.32.47,10.0.2.15,TCP
2026-07-04 02:21:51,104.18.32.47,10.0.2.15,TCP
2026-07-04 02:21:51,10.0.2.15,104.18.32.47,TCP
2026-07-04 02:21:51,104.18.32.47,10.0.2.15,TCP
2026-07-04 02:21:51,104.18.32.47,10.0.2.15,TCP
2026-07-04 02:21:51,10.0.2.15,104.18.32.47,TCP
2026-07-04 02:21:52,10.0.2.15,142.250.200.174,ICMP
2026-07-04 02:21:52,142.250.200.174,10.0.2.15,ICMP
2026-07-04 02:21:53,10.0.2.15,142.250.200.174,ICMP
2026-07-04 02:21:53,142.250.200.174,10.0.2.15,ICMP
2026-07-04 02:21:54,10.0.2.15,142.250.200.174,ICMP
2026-07-04 02:21:54,142.250.200.174,10.0.2.15,ICMP
2026-07-04 02:21:55,10.0.2.15,142.250.200.174,ICMP
2026-07-04 02:21:55,142.250.200.174,10.0.2.15,ICMP
2026-07-04 02:21:56,10.0.2.15,142.250.200.174,ICMP
2026-07-04 02:21:56,142.250.200.174,10.0.2.15,ICMP
2026-07-04 02:21:57,10.0.2.15,142.250.200.174,ICMP
2026-07-04 02:21:57,142.250.200.174,10.0.2.15,ICMP
2026-07-04 02:21:58,10.0.2.15,142.250.200.174,ICMP
2026-07-04 02:21:58,142.250.200.174,10.0.2.15,ICMP
2026-07-04 13:00:26,142.250.187.46,10.0.2.15,TCP
2026-07-04 13:00:26,10.0.2.15,142.250.187.46,TCP
2026-07-04 13:01:00,10.0.2.15,10.41.208.233,UDP
2026-07-04 13:01:00,10.0.2.15,10.41.208.233,UDP
2026-07-04 13:01:01,10.0.2.15,10.41.208.233,UDP
2026-07-04 13:01:01,10.0.2.15,10.41.208.233,UDP
2026-07-04 13:01:01,10.0.2.15,10.41.208.233,UDP
2026-07-04 13:01:01,10.0.2.15,10.41.208.233,UDP
2026-07-04 13:01:01,10.0.2.15,10.41.208.233,UDP
2026-07-04 13:01:01,10.0.2.15,10.41.208.233,UDP
2026-07-04 13:01:05,10.0.2.15,10.41.208.233,UDP
2026-07-04 13:01:05,10.0.2.15,10.41.208.233,UDP
2026-07-04 13:01:06,10.0.2.15,10.41.208.233,UDP
2026-07-04 13:01:06,10.0.2.15,10.41.208.233,UDP
2026-07-04 13:01:06,10.0.2.15,10.41.208.233,UDP
2026-07-04 13:01:06,10.0.2.15,10.41.208.233,UDP
2026-07-04 13:01:06,10.0.2.15,10.41.208.233,UDP
2026-07-04 13:01:10,10.0.2.15,10.41.208.233,UDP
2026-07-04 13:01:10,10.0.2.15,10.41.208.233,UDP
2026-07-04 13:01:11,10.41.208.233,10.0.2.15,UDP
2026-07-04 13:01:11,10.0.2.15,10.41.208.233,UDP
2026-07-04 13:01:11,10.0.2.15,10.41.208.233,UDP
2026-07-04 13:01:11,10.41.208.233,10.0.2.15,UDP
2026-07-04 13:01:11,10.41.208.233,10.0.2.15,UDP
2026-07-04 13:01:11,10.0.2.15,151.101.141.91,TCP
2026-07-04 13:01:11,10.0.2.15,10.41.208.233,UDP
2026-07-04 13:01:11,10.41.208.233,10.0.2.15,UDP
2026-07-04 13:01:11,10.0.2.15,151.101.141.91,TCP
2026-07-04 13:01:11,10.0.2.15,10.41.208.233,UDP
2026-07-04 13:01:11,10.0.2.15,10.41.208.233,UDP
2026-07-04 13:01:12,10.0.2.15,151.101.141.91,TCP
2026-07-04 13:01:12,10.0.2.15,151.101.141.91,TCP
2026-07-04 13:01:12,10.0.2.15,151.101.141.91,TCP
2026-07-04 13:01:12,10.0.2.15,151.101.141.91,TCP
2026-07-04 13:01:13,10.0.2.15,151.101.141.91,TCP
2026-07-04 13:01:13,10.0.2.15,151.101.141.91,TCP
2026-07-04 13:01:13,10.0.2.15,151.101.141.91,TCP
2026-07-04 13:01:13,10.0.2.15,151.101.141.91,TCP
2026-07-04 13:01:14,10.0.2.15,151.101.141.91,TCP
2026-07-04 13:01:14,10.0.2.15,151.101.141.91,TCP
2026-07-04 13:01:14,10.0.2.15,151.101.141.91,TCP
2026-07-04 13:01:14,10.0.2.15,151.101.141.91,TCP
2026-07-04 13:01:15,10.0.2.15,151.101.141.91,TCP
2026-07-04 13:01:15,10.0.2.15,151.101.141.91,TCP
2026-07-04 13:01:15,10.0.2.15,10.41.208.233,UDP
2026-07-04 13:01:15,10.41.208.233,10.0.2.15,UDP
2026-07-04 13:01:15,10.0.2.15,10.41.208.233,UDP
2026-07-04 13:01:15,10.0.2.15,151.101.141.91,TCP
2026-07-04 13:01:15,10.0.2.15,151.101.141.91,TCP
2026-07-04 13:01:16,10.0.2.15,151.101.141.91,TCP
2026-07-04 13:01:16,10.0.2.15,151.101.141.91,TCP
2026-07-04 13:01:16,10.0.2.15,151.101.141.91,TCP
2026-07-04 13:01:16,10.0.2.15,10.41.208.233,UDP
2026-07-04 13:01:16,10.0.2.15,10.41.208.233,UDP
2026-07-04 13:01:16,10.0.2.15,151.101.141.91,TCP
2026-07-04 13:01:17,10.0.2.15,151.101.141.91,TCP
2026-07-04 13:01:17,10.0.2.15,151.101.141.91,TCP
2026-07-04 13:01:17,10.0.2.15,103.152.101.59,UDP
2026-07-04 13:01:18,10.0.2.15,151.101.141.91,TCP
2026-07-04 13:01:18,10.0.2.15,151.101.141.91,TCP
2026-07-04 13:01:19,10.0.2.15,151.101.141.91,TCP
2026-07-04 13:01:19,10.0.2.15,151.101.141.91,TCP
2026-07-04 13:01:19,151.101.141.91,10.0.2.15,TCP
2026-07-04 13:01:19,151.101.141.91,10.0.2.15,TCP
2026-07-04 13:01:19,151.101.141.91,10.0.2.15,TCP
2026-07-04 13:01:19,151.101.141.91,10.0.2.15,TCP
2026-07-04 13:01:19,-,-,TCP
2026-07-04 13:01:20,-,-,Others
2026-07-04 13:01:20,-,-,Others
2026-07-04 13:01:20,-,-,TCP
2026-07-04 13:01:20,-,-,TCP
2026-07-04 13:01:20,-,-,TCP
2026-07-04 13:01:20,10.0.2.15,10.41.208.233,UDP
2026-07-04 13:01:20,10.0.2.2,10.0.2.15,ICMP
2026-07-04 13:01:20,10.0.2.15,10.41.208.233,UDP
2026-07-04 13:01:20,10.0.2.2,10.0.2.15,ICMP
2026-07-04 13:01:22,-,-,ARP
2026-07-04 13:01:22,-,-,ARP
2026-07-05 03:32:35,10.0.2.15,10.41.208.233,UDP
2026-07-05 03:32:35,10.0.2.15,10.41.208.233,UDP
2026-07-05 03:32:35,10.41.208.233,10.0.2.15,UDP
2026-07-05 03:32:35,10.41.208.233,10.0.2.15,UDP
2026-07-05 03:32:35,10.0.2.15,142.250.200.174,ICMP
2026-07-05 03:32:35,142.250.200.174,10.0.2.15,ICMP
2026-07-05 03:32:35,10.0.2.15,10.41.208.233,UDP
2026-07-05 03:32:35,10.41.208.233,10.0.2.15,UDP
2026-07-05 03:32:36,10.0.2.15,142.250.200.174,ICMP
2026-07-05 03:32:36,142.250.200.174,10.0.2.15,ICMP
2026-07-05 03:32:37,10.0.2.15,142.250.200.174,ICMP
2026-07-05 03:32:37,142.250.200.174,10.0.2.15,ICMP
2026-07-05 03:32:38,10.0.2.15,142.250.200.174,ICMP
2026-07-05 03:32:38,142.250.200.174,10.0.2.15,ICMP
2026-07-05 03:32:39,10.0.2.15,142.250.200.174,ICMP
2026-07-05 03:32:40,142.250.200.174,10.0.2.15,ICMP
2026-07-05 03:32:40,-,-,ARP
2026-07-05 03:32:40,-,-,ARP
2026-07-05 03:32:40,10.0.2.15,142.250.200.174,ICMP
2026-07-05 03:32:41,142.250.200.174,10.0.2.15,ICMP
2026-07-05 03:36:47,10.0.2.15,10.41.208.233,UDP
2026-07-05 03:36:47,10.0.2.15,10.41.208.233,UDP
2026-07-05 03:36:47,10.41.208.233,10.0.2.15,UDP
2026-07-05 03:36:47,10.41.208.233,10.0.2.15,UDP
2026-07-05 03:36:47,10.0.2.15,142.251.37.142,ICMP
2026-07-05 03:36:47,142.251.37.142,10.0.2.15,ICMP
2026-07-05 03:36:47,10.0.2.15,10.41.208.233,UDP
2026-07-05 03:36:47,10.41.208.233,10.0.2.15,UDP
2026-07-05 03:36:48,10.0.2.15,142.251.37.142,ICMP
2026-07-05 03:36:48,142.251.37.142,10.0.2.15,ICMP
2026-07-05 03:36:49,10.0.2.15,142.251.37.142,ICMP
2026-07-05 03:36:49,142.251.37.142,10.0.2.15,ICMP
2026-07-05 03:36:50,10.0.2.15,142.251.37.142,ICMP
2026-07-05 03:36:50,142.251.37.142,10.0.2.15,ICMP
2026-07-05 03:36:52,-,-,ARP
2026-07-05 03:36:52,-,-,ARP
